ID,Gender,Marital_status,Age,Education,Income,Occupation,Settlement_size
522,1,0,67,2,50820,0,1
738,0,1,69,1,34321,0,0
741,1,1,55,1,43955,1,1
661,0,1,62,2,58171,1,0
412,1,1,39,3,71124,1,0
679,0,1,69,1,54983,0,1
627,0,0,60,1,40526,1,2
514,0,1,60,2,26334,1,2
860,1,0,23,3,27082,1,2
137,0,0,22,1,97842,0,1
812,1,0,21,3,26174,1,1
77,0,0,25,3,56651,1,0
637,1,1,69,2,35448,1,2
974,0,0,20,1,26557,0,2
939,0,0,22,2,33686,0,2
900,1,0,20,1,22636,0,1
281,0,0,45,2,62670,1,0
884,1,0,24,2,20260,1,1
762,0,0,22,2,30937,0,1
320,1,1,44,1,56260,1,1
550,0,1,61,3,57269,1,0
175,1,1,25,3,68690,1,1
372,0,0,47,1,94234,1,2
528,1,1,65,3,60432,1,1
211,1,0,26,1,61342,1,1
236,1,1,26,1,104586,1,1
102,0,1,23,1,36556,1,0
987,0,0,25,3,30800,1,2
903,0,0,22,1,34384,0,1
948,0,0,20,2,24765,0,2
347,0,0,37,1,15000,0,0
140,0,0,21,1,90517,0,1
622,0,1,67,2,30617,0,1
500,0,1,38,2,71850,1,1
371,0,1,45,1,56541,1,2
199,1,0,25,2,83358,1,0
688,0,1,63,2,47011,1,2
585,1,0,65,3,49288,1,1
902,0,0,21,2,22329,0,0
60,0,0,27,2,74440,1,1
329,0,1,48,1,35806,1,1
97,0,0,25,2,81179,1,1
313,1,0,49,2,87804,1,0
975,0,1,21,1,24850,0,1
300,0,1,48,2,66433,1,2
278,1,1,41,2,67866,1,2
925,1,0,24,2,41592,1,1
602,0,0,60,2,58748,1,0
440,1,1,44,2,74697,1,0
838,1,0,20,1,25868,0,1
571,0,1,65,2,52942,1,1
880,1,0,24,2,18553,1,2
262,1,1,44,1,61520,1,1
579,1,0,57,2,37654,1,2
24,1,0,20,3,112134,0,2
31,0,0,23,2,76139,1,2
618,0,1,68,1,37482,0,2
11,0,0,23,1,99760,1,1
222,1,0,19,1,84647,0,0
821,0,0,20,2,23949,0,1
297,1,1,49,1,78381,1,1
55,1,0,28,1,71745,0,1
543,0,0,67,3,61612,1,2
210,1,1,36,2,106243,1,2
605,1,0,67,3,40172,1,1
693,0,0,59,1,53712,1,0
663,0,1,64,1,23781,1,1
867,1,0,22,1,33260,1,0
71,1,0,26,3,79296,1,2
544,1,1,72,1,40429,1,2
108,0,0,25,3,64198,1,2
494,1,1,40,1,63691,1,1
591,1,0,65,2,34278,1,2
742,0,0,58,3,43311,1,0
293,0,1,42,3,59878,1,1
290,0,1,41,2,16942,0,2
653,1,0,63,1,46943,1,0
40,1,0,25,1,95706,1,0
590,1,1,60,2,45861,1,1
308,1,1,42,1,59817,1,0
680,0,0,71,3,40683,0,2
67,0,0,24,1,60579,1,1
276,0,1,47,1,62834,1,2
68,0,0,28,3,97412,1,2
319,1,1,46,2,47809,1,1
549,1,1,66,3,52660,0,1
999,0,0,20,3,23695,0,1
715,0,1,64,2,39646,1,0
754,1,1,24,1,15000,1,1
328,0,1,48,2,57118,1,2
383,1,0,34,2,103146,1,1
452,1,1,49,2,94044,1,0
523,1,1,61,1,42735,1,2
219,1,0,23,1,67469,1,2
788,1,0,22,2,18982,0,2
437,1,0,53,3,55026,1,2
765,1,0,24,1,23031,1,2
89,1,1,23,1,76114,1,2
64,0,0,21,3,53904,0,1
827,1,0,25,2,16276,1,0
717,1,0,65,3,48319,1,2
352,0,0,52,2,23960,1,1
937,1,0,19,2,27029,0,1
257,1,1,51,2,93451,1,2
636,0,1,56,1,40963,1,0
645,1,1,63,3,34376,0,1
555,1,1,66,2,42735,0,2
960,0,0,22,1,26785,0,1
169,1,0,24,1,88921,0,1
918,1,0,22,2,20033,0,1
529,1,1,66,1,40111,1,2
824,1,0,21,3,19799,0,1
986,0,0,19,1,29104,1,2
817,1,0,22,2,15000,1,2
87,1,0,27,3,95454,1,1
433,0,0,43,1,77209,1,2
185,0,0,24,2,65155,1,1
979,1,0,18,2,18816,0,1
535,0,0,61,3,40339,1,1
295,1,1,46,3,61636,1,2
893,0,1,24,1,21508,1,2
426,1,0,51,2,20672,1,1
714,1,0,66,3,53474,0,2
261,0,1,40,1,71166,0,1
238,0,0,25,2,71696,1,2
560,0,1,62,3,42288,0,0
584,1,1,76,2,45616,0,1
446,0,1,48,2,46972,1,1
868,1,0,22,1,34013,0,1
801,0,1,23,1,40209,1,0
600,1,1,66,2,37719,1,1
850,1,0,20,2,28417,1,0
266,0,1,38,2,31725,0,1
996,0,0,21,2,33561,0,1
530,0,1,60,2,33803,1,0
56,0,0,27,2,69925,1,0
121,1,0,27,2,96582,1,1
216,0,0,27,2,98716,1,0
26,0,1,25,1,86544,1,0
73,1,0,24,1,81152,1,2
45,1,0,20,2,77410,0,0
248,1,0,23,1,68450,1,0
722,1,0,56,2,42404,1,0
282,0,1,48,1,56950,1,1
894,1,1,24,3,24123,1,1
915,1,1,21,1,15000,0,1
811,1,0,21,1,21135,0,1
245,1,0,21,1,70260,0,0
823,0,0,26,2,23201,1,0
322,0,1,47,2,70593,0,2
644,1,0,57,2,49523,1,1
159,0,0,21,2,94726,0,2
978,0,0,18,1,32580,0,0
430,0,1,36,1,54463,1,2
942,0,0,23,2,21866,1,2
463,1,1,41,1,55819,1,1
310,0,1,43,1,69493,1,2
698,0,0,58,2,38222,1,1
61,1,1,23,1,91575,1,2
885,1,0,23,1,24788,1,0
596,1,0,62,1,34902,1,1
768,1,0,25,1,23592,1,1
650,1,1,68,2,70895,0,1
651,0,1,74,2,50796,0,1
866,0,0,21,2,15000,0,2
669,0,1,51,1,53406,1,2
299,1,0,49,3,65347,1,2
690,1,0,67,2,42410,0,2
315,1,1,51,3,60207,1,0
311,0,1,43,1,59499,1,1
362,0,1,52,2,71585,1,1
480,1,1,50,2,51250,1,0
111,0,0,19,3,77139,0,1
990,0,0,22,2,28455,0,0
487,0,1,41,1,31632,1,0
364,0,1,47,1,40538,1,2
255,1,0,37,2,84553,1,0
260,0,1,48,1,58884,1,1
803,0,0,22,3,19332,0,2
678,1,0,73,3,60213,0,1
495,0,1,52,2,90842,1,0
671,1,0,71,2,42610,0,1
378,1,1,45,2,80798,1,1
527,1,0,56,1,63845,1,0
846,0,0,22,1,16778,0,0
138,0,0,24,2,61585,1,1
356,0,1,39,1,15000,1,1
366,1,0,42,3,56829,1,1
943,0,0,23,2,27153,1,1
750,0,1,57,3,55010,1,0
949,1,0,21,3,34008,0,2
830,0,1,21,3,25150,1,2
657,1,1,65,1,46684,1,2
200,0,0,21,2,100462,0,1
214,0,0,26,2,93423,1,0
409,1,0,45,1,53546,1,2
333,0,1,45,3,55731,0,2
209,0,0,26,1,58960,0,2
614,0,1,59,2,44221,1,2
79,0,0,25,1,102511,1,2
30,1,0,24,1,64658,1,1
536,1,0,65,2,29052,1,1
696,1,1,63,2,64389,1,0
558,0,0,62,1,36968,1,1
837,0,1,25,3,15850,0,1
597,0,0,63,1,51191,1,1
166,0,0,26,2,116596,1,1
919,0,0,21,1,23654,0,2
496,0,1,47,2,100121,1,2
825,0,0,21,1,26349,0,2
66,1,0,29,1,63204,1,0
142,0,0,28,2,100635,1,2
926,1,0,18,1,17644,1,1
828,1,0,20,2,36287,0,2
656,1,0,65,3,42045,1,2
332,0,1,40,2,84375,1,1
665,0,1,61,1,57969,1,0
250,1,0,26,1,56661,1,2
908,0,0,23,2,15985,1,0
709,1,0,54,2,43673,1,1
306,1,0,45,1,42030,1,2
735,1,1,70,3,52999,1,1
976,0,0,18,2,21891,0,1
50,0,0,19,1,100701,1,1
897,1,0,21,2,22929,0,1
3,0,1,26,1,80894,1,1
545,0,1,52,1,38977,1,1
351,0,1,46,1,36597,1,2
905,1,1,22,2,24141,0,2
537,1,1,60,2,50136,1,1
345,1,1,42,2,78991,1,1
995,0,0,19,2,27811,0,1
482,1,1,40,2,52543,1,2
576,0,0,53,1,44643,1,0
34,1,1,21,1,89707,0,0
32,1,1,30,2,54971,1,0
232,0,1,25,1,59452,0,2
964,0,0,23,2,30161,1,1
193,0,1,25,1,70979,0,1
334,1,0,41,2,89814,1,2
4,0,0,29,2,70295,1,1
205,0,0,20,1,80732,0,0
515,1,0,62,1,44173,1,2
800,0,0,22,2,25170,0,0
307,0,0,51,1,60563,1,2
110,1,0,24,3,108710,1,1
431,1,1,39,2,66148,1,0
78,1,0,24,1,73578,0,2
85,0,0,22,2,85729,0,2
287,0,1,44,1,23275,1,0
83,1,0,29,3,75175,1,2
992,0,0,18,2,31034,0,1
790,1,1,18,2,35723,0,1
895,0,0,24,1,24293,1,1
399,1,1,44,2,84008,1,1
324,1,1,55,2,69730,1,1
520,1,0,68,1,63540,1,0
917,0,0,23,2,18697,0,2
923,0,1,22,1,16418,1,0
6,1,0,24,2,85902,1,1
732,1,1,60,1,41506,0,0
466,0,1,43,2,71771,1,0
98,0,0,25,3,50026,1,2
267,1,1,53,2,57775,1,2
358,0,1,43,1,67836,1,1
869,0,0,23,3,16272,1,2
799,0,0,22,1,33608,1,1
381,1,1,40,1,73558,1,1
632,1,1,72,1,36536,1,1
382,0,1,42,2,50241,1,1
491,0,1,44,3,48962,1,0
119,0,1,28,3,83016,1,1
901,1,0,22,1,30575,0,0
251,1,1,38,1,66617,1,1
524,1,0,67,3,35405,1,0
10,0,0,26,1,71971,1,1
197,1,0,22,1,79705,0,0
604,0,1,71,2,37008,0,0
82,0,0,26,1,74761,1,1
784,1,0,23,3,31080,1,1
588,1,1,60,2,41329,1,1
798,1,0,23,2,18631,1,1
240,0,0,27,2,104425,1,0
291,1,0,43,2,67771,1,2
212,0,1,28,3,69606,1,1
718,0,1,65,3,46904,1,1
360,0,1,40,2,63667,1,0
450,0,1,39,1,60425,1,0
228,0,1,21,1,77794,0,1
951,0,0,21,3,15000,1,2
947,1,0,18,1,28016,0,1
797,0,0,21,2,22447,1,2
502,0,1,74,3,39488,0,2
465,0,1,44,1,48389,1,1
363,0,1,44,2,62391,1,0
469,1,0,42,1,36082,1,0
936,1,0,20,2,15000,0,0
429,1,1,50,2,55574,1,1
8,1,0,27,1,89527,0,0
156,0,1,22,2,95147,0,1
542,0,1,59,3,62722,1,2
441,1,1,46,2,73257,1,1
483,0,1,36,2,94539,1,1
423,0,0,43,2,52700,0,0
779,1,0,21,2,21565,0,1
950,1,0,22,3,24588,0,0
335,0,0,49,3,62973,1,1
577,1,0,66,1,28848,0,1
935,0,0,22,1,46154,1,2
568,1,1,59,3,50159,1,1
595,1,1,70,3,21370,0,1
531,0,0,68,1,46408,0,1
582,1,1,62,3,56486,1,2
708,0,0,73,3,63998,0,1
449,0,1,42,2,84765,1,1
454,1,0,47,3,112033,1,0
229,0,1,22,2,94458,0,2
353,0,1,49,2,70829,1,2
729,1,1,62,2,48672,1,2
213,0,0,27,3,69223,1,0
80,1,1,19,3,92753,0,1
149,1,1,26,2,103917,1,1
303,1,1,48,2,56500,1,2
629,1,1,65,1,45678,1,2
778,1,1,21,1,24703,0,0
507,1,0,62,3,51963,1,1
343,0,0,46,2,68738,1,0
486,0,0,37,2,78651,1,1
712,1,1,64,2,43796,1,1
134,1,0,26,3,86803,1,2
704,0,1,57,3,56096,1,1
312,0,0,50,1,76355,1,1
723,0,0,58,3,52388,1,2
630,1,0,70,1,53527,0,0
1,0,0,26,1,100990,1,1
317,0,1,48,2,38697,1,2
707,0,1,58,1,51725,0,2
548,1,1,63,1,48017,1,2
873,1,0,19,3,22535,1,0
533,1,0,64,2,48231,1,1
478,0,0,46,3,68390,1,2
405,1,0,42,2,79920,1,1
173,1,0,24,2,81563,0,1
126,0,1,31,1,62804,1,1
395,0,1,50,1,52693,1,1
421,1,1,55,2,70765,1,2
553,0,0,70,2,36220,0,1
904,1,0,24,2,27957,1,1
91,1,0,25,1,78925,1,2
940,0,0,20,2,25783,0,1
182,0,0,22,2,100880,0,2
275,1,0,40,1,84261,1,2
896,1,0,23,3,22039,1,1
70,0,1,23,1,85197,1,2
292,0,1,42,2,109859,1,0
132,1,0,25,3,86328,1,1
301,1,0,40,2,46638,0,1
425,1,1,48,3,39103,1,0
327,1,1,50,1,41213,1,0
145,0,0,25,3,77403,1,1
424,0,1,49,1,43215,1,2
581,1,1,66,1,47005,1,1
136,0,0,29,3,94461,1,1
451,0,1,44,2,66176,0,1
165,0,0,27,3,95338,1,2
29,1,0,23,1,89202,1,1
774,0,1,23,2,26556,0,1
194,0,1,21,1,84796,1,1
389,1,1,49,3,60640,1,0
853,0,0,20,1,15450,0,0
170,1,0,22,1,92801,1,0
706,0,1,68,2,42587,1,2
141,0,0,25,3,75536,0,1
174,1,1,26,2,79061,1,0
7,0,0,29,1,93427,1,0
746,1,0,61,2,47383,1,1
479,1,1,60,2,42250,1,2
74,1,0,29,2,60755,1,2
911,1,0,21,2,38860,1,1
814,0,0,22,2,32174,0,0
239,1,0,23,1,88534,1,2
146,0,0,27,2,80233,1,2
793,1,0,22,3,23718,0,1
235,1,1,31,2,67944,0,2
221,1,1,31,2,62186,1,1
924,1,1,20,3,26913,0,1
501,0,0,69,2,52783,0,1
133,0,0,21,1,104205,0,1
991,1,0,22,3,31403,1,0
775,1,0,23,1,19060,1,2
186,1,0,27,2,94111,1,2
42,1,0,25,3,73116,0,2
697,1,1,66,3,34996,0,2
109,1,0,25,2,70643,1,2
589,1,0,69,2,36724,0,1
57,0,0,22,3,79616,0,1
406,0,1,48,2,44864,1,0
443,0,1,34,3,63620,1,1
758,0,0,22,1,32622,0,2
998,0,1,23,2,17945,1,2
25,0,1,23,1,105913,1,0
468,0,1,48,3,67893,1,1
540,0,0,62,3,16277,1,0
532,1,1,56,1,27315,1,0
619,1,1,67,1,40736,0,2
695,1,0,67,1,46263,1,0
927,1,0,20,2,15000,0,0
339,1,0,47,2,52236,1,1
52,0,0,23,1,85937,1,0
508,1,1,60,1,54553,1,2
517,1,0,67,2,60134,0,2
921,1,1,24,2,15000,1,0
782,1,1,19,2,24335,0,2
265,1,1,43,3,63387,1,2
818,1,0,23,1,19246,1,0
711,0,1,66,2,56070,1,0
683,1,0,62,2,35962,1,1
833,0,0,19,2,32625,0,2
519,0,1,65,2,34758,1,2
448,1,1,40,2,71727,1,0
19,0,0,22,1,75194,0,2
716,0,1,70,1,44094,0,1
484,0,1,46,2,52007,1,0
569,1,0,55,2,29374,1,2
434,0,0,48,3,48338,1,0
368,1,1,45,2,41334,1,1
84,1,0,23,1,111151,1,2
62,0,1,24,1,37271,1,0
639,0,1,58,1,65625,1,0
273,1,1,50,1,38153,1,2
286,0,1,35,3,33375,1,0
361,0,1,47,3,59693,1,1
355,0,0,44,2,48469,1,1
457,1,1,44,3,75066,1,1
279,1,1,45,1,63840,1,1
13,1,0,25,2,111128,1,1
183,1,0,21,3,93774,0,0
369,1,0,45,3,51134,1,0
882,1,0,20,3,37924,0,1
616,1,1,65,2,76931,1,1
224,0,1,20,3,86206,1,2
573,0,1,66,1,47935,1,1
971,0,0,22,2,29748,0,2
654,1,1,59,1,41468,0,2
546,1,0,61,3,49687,1,0
583,1,1,68,2,34841,1,2
634,0,0,62,2,55299,1,1
177,0,0,25,3,54605,1,2
666,1,1,65,3,44771,0,0
674,0,0,63,2,35775,1,1
586,1,0,66,2,51931,1,1
874,1,1,20,1,31237,1,1
394,1,0,54,3,62730,1,1
164,1,0,22,3,55319,0,2
249,0,1,30,1,83506,1,0
635,0,0,59,1,41652,1,2
886,0,1,25,1,27241,1,0
670,0,1,70,2,50467,0,1
376,0,1,41,1,55813,1,2
413,0,1,37,3,69117,0,1
75,0,0,18,1,94944,0,1
114,1,1,32,2,87435,1,0
599,1,1,62,1,45207,1,0
962,0,1,24,1,27284,1,0
391,1,1,40,2,69199,0,0
105,0,1,24,3,96622,1,1
115,0,0,24,1,82256,1,2
418,1,0,45,2,65371,1,0
526,0,0,55,2,55887,1,1
458,1,1,39,1,67623,1,2
410,1,1,47,1,54983,1,2
93,0,0,22,2,90914,1,1
931,0,0,20,2,15163,1,2
90,1,0,26,2,77054,1,2
337,0,0,40,2,47731,1,2
989,0,0,21,2,19868,0,0
922,0,1,19,1,30983,0,1
934,1,0,18,2,24152,0,0
606,0,1,74,1,35466,0,1
594,1,1,66,1,54039,0,0
612,0,1,64,1,29368,1,2
95,1,0,23,1,90989,1,0
12,1,0,23,3,82963,1,0
397,1,1,36,1,33057,1,2
534,1,1,58,3,43523,1,2
44,1,0,24,2,79422,1,1
43,1,1,24,2,96180,1,1
330,0,0,48,2,71998,1,0
168,0,1,30,1,88458,1,1
498,1,1,44,1,84167,1,2
877,1,0,20,1,20502,0,2
598,0,0,60,2,65574,1,1
757,0,1,22,2,23900,0,2
101,0,0,20,2,94970,1,2
427,0,1,40,3,101124,1,1
179,0,0,24,1,65171,1,1
445,1,0,38,1,67993,1,1
417,1,1,52,3,61140,1,2
871,0,0,21,3,16154,1,1
883,1,0,21,2,15125,0,0
681,0,1,68,1,49037,0,1
178,0,1,29,1,78524,1,2
396,1,1,42,1,63693,0,2
912,1,0,22,3,42850,0,2
794,1,0,19,3,30370,0,1
961,1,0,23,1,24560,1,0
685,0,1,58,1,33209,1,2
384,1,1,42,1,47885,1,1
957,1,0,22,1,15000,0,1
752,1,0,19,2,30423,0,0
258,1,0,41,3,68380,1,1
539,0,1,70,2,33300,0,1
336,0,1,44,2,53258,1,1
16,0,0,23,3,82968,1,1
325,1,1,39,3,61289,1,2
759,0,0,20,3,37898,0,0
223,0,0,27,3,89506,1,1
180,0,1,33,2,63446,1,2
984,1,0,21,2,31899,0,0
23,0,0,25,1,79634,1,1
357,1,0,44,2,49075,0,1
667,0,0,63,2,35006,0,1
862,0,0,18,2,31486,0,1
341,1,1,40,2,63211,1,2
432,1,1,34,1,76314,1,1
552,0,1,64,3,42963,1,0
834,0,0,20,1,27296,0,0
204,1,1,28,2,88149,1,1
631,1,1,56,3,49847,1,1
94,0,1,24,2,80779,1,2
559,1,0,66,2,59926,0,0
69,0,0,26,2,72984,1,1
623,1,1,74,3,54192,0,1
285,0,0,55,3,44280,1,1
845,1,0,22,3,26278,0,1
435,1,1,52,1,56657,1,0
154,1,0,25,3,60153,1,1
76,1,1,27,2,72593,1,1
731,0,1,65,1,42765,1,2
447,0,1,46,3,49427,1,0
189,1,0,22,3,88250,0,1
272,0,1,37,2,72182,1,1
237,1,1,18,1,105165,0,0
488,0,0,39,1,24783,1,1
118,0,0,21,2,79135,0,1
944,1,0,21,1,22254,1,1
513,0,1,63,3,37831,1,1
826,1,0,24,3,28535,1,1
592,0,1,62,3,15786,1,0
127,1,0,22,2,84539,0,1
117,1,0,24,1,116051,1,0
474,0,1,51,2,60293,1,2
694,0,1,68,3,31540,0,1
58,1,0,24,1,97590,1,1
864,0,0,25,1,15000,1,2
913,0,0,22,2,30104,0,2
370,1,1,41,3,42303,1,1
269,0,1,42,1,45289,0,0
47,0,0,23,1,89784,1,2
350,0,0,43,1,55504,1,1
196,0,0,26,1,86607,1,1
1000,0,0,23,3,19040,0,2
835,0,0,21,3,20100,0,2
737,0,1,66,3,34463,0,2
264,1,1,39,1,41586,1,1
444,1,1,44,2,34063,1,2
676,0,0,61,2,41776,0,0
305,0,1,44,1,70730,1,2
342,1,1,46,2,60060,1,1
967,1,0,20,1,23421,1,2
150,0,0,25,2,67295,1,1
125,1,0,26,2,104501,1,2
787,1,0,23,1,22526,1,0
51,0,0,25,3,70616,1,1
354,1,1,44,1,75183,1,0
928,1,0,22,3,22711,0,1
143,1,1,20,2,77749,0,1
471,0,1,43,2,83932,1,0
400,1,0,51,1,46862,1,1
626,0,1,62,3,55800,1,1
321,0,1,45,1,61132,1,0
20,0,0,20,2,86362,1,0
810,0,0,20,2,32160,0,1
791,1,0,22,3,15000,0,0
809,1,0,24,2,15000,0,0
408,1,0,44,1,90026,1,2
538,1,1,63,2,39672,1,1
621,1,1,61,3,46132,1,1
39,0,0,21,3,83366,0,2
176,0,0,27,2,75789,1,0
246,0,0,23,3,61640,0,1
829,1,0,21,3,24211,0,2
668,0,0,72,2,39952,1,2
755,1,0,20,1,29089,1,1
859,1,1,20,2,27309,1,2
155,0,0,25,2,104630,1,1
288,1,1,47,2,70159,0,1
603,1,1,69,2,38540,1,1
570,0,1,63,1,39709,1,1
744,1,1,65,1,56618,1,0
18,0,0,25,3,72741,1,2
128,0,0,23,2,68685,1,2
323,1,1,40,1,58590,1,2
256,1,0,42,3,35807,1,2
658,1,1,64,2,58175,1,2
965,1,0,21,3,29444,0,2
191,1,0,23,2,81580,1,0
116,1,0,25,1,85474,1,1
617,0,0,65,3,47987,1,0
607,0,1,61,2,46226,1,1
181,0,0,26,2,82698,1,1
302,0,1,42,1,79840,1,1
760,0,0,23,2,35519,1,1
713,0,1,62,3,23273,1,2
724,0,0,68,2,51153,0,1
686,0,0,68,1,56876,0,1
980,1,1,23,2,28256,1,1
518,0,1,60,2,51308,1,0
985,0,0,21,1,32625,0,0
46,1,0,22,3,93254,1,1
910,1,0,26,3,26143,1,1
158,1,1,26,2,113786,1,1
852,1,0,20,3,39202,0,0
172,0,0,22,2,84217,0,1
17,0,0,21,3,70228,1,1
512,1,0,64,1,43063,1,1
49,0,0,26,1,102148,1,1
972,0,0,20,2,15000,0,1
941,0,0,19,1,27464,0,0
516,1,1,68,2,43782,1,0
953,0,0,19,3,17754,0,0
481,1,0,44,3,74447,1,1
284,1,0,38,3,79134,1,2
719,0,0,63,1,52094,1,2
878,1,0,22,3,23326,0,2
226,0,0,28,2,78052,1,0
27,0,1,21,1,80570,0,2
955,1,0,21,2,20234,1,2
438,1,0,38,1,92146,1,2
952,1,0,22,3,35095,0,2
365,1,1,48,2,83931,1,0
230,0,0,27,1,113157,1,2
38,1,0,19,1,58034,0,2
966,1,0,24,1,25716,1,2
375,1,0,55,3,89423,1,0
470,0,0,42,2,68892,1,1
968,1,0,25,2,23789,1,2
851,0,0,20,3,19830,0,1
705,1,1,57,2,49098,1,0
842,1,0,23,2,15000,0,1
195,0,0,25,1,56105,1,1
855,1,0,24,2,33004,1,1
865,0,0,20,2,35434,1,1
504,0,0,67,2,44966,0,2
970,0,1,19,3,34070,1,1
831,0,0,19,2,30665,0,1
580,0,0,70,1,36897,1,2
969,0,0,21,2,23440,0,1
163,1,0,28,1,59156,1,1
909,1,0,23,3,15448,1,1
153,1,0,22,2,70415,0,0
802,0,0,20,2,24514,0,1
994,1,0,20,3,30666,0,0
756,0,0,27,3,35989,1,0
112,1,1,24,2,83261,1,1
227,1,0,25,2,80657,1,1
689,0,1,68,1,47832,1,2
104,0,0,22,3,77906,0,0
422,0,1,53,3,81450,1,0
420,1,1,45,2,70156,1,0
751,0,0,20,1,15000,0,2
587,0,1,62,2,46764,1,0
781,0,0,22,1,15000,1,1
673,1,1,63,1,41082,0,2
120,1,0,27,1,95759,1,0
54,0,0,26,2,83910,1,2
152,1,0,26,1,47699,1,0
404,1,0,45,1,74379,1,0
946,1,0,19,2,22043,0,2
208,0,0,26,2,70056,1,0
659,1,1,65,1,34934,0,2
844,1,0,22,2,25742,0,1
763,1,0,27,1,25603,1,2
9,1,0,23,1,95743,1,0
808,0,0,21,2,29069,0,0
37,1,0,25,1,61613,1,1
453,1,1,40,1,64815,1,0
652,0,0,70,2,48257,0,1
254,1,0,50,3,67481,1,2
304,0,1,48,1,44885,1,2
747,1,1,65,3,54751,1,1
572,0,0,73,3,32457,0,2
624,0,0,71,2,38318,0,0
733,0,1,67,2,44805,0,1
892,1,0,23,2,25051,1,1
263,0,0,28,2,70775,1,2
611,1,0,68,1,42081,1,0
298,0,1,46,2,54194,1,1
415,0,1,46,1,47129,1,2
151,1,1,25,1,65129,1,2
789,1,0,21,1,27553,0,2
641,1,0,63,2,45242,1,1
890,1,0,24,3,24884,1,1
551,0,1,65,2,43998,0,1
887,1,0,23,1,18523,1,1
489,0,0,53,2,29486,1,0
148,1,0,21,2,58399,0,1
147,1,0,21,2,63555,0,2
721,1,0,66,2,50131,0,1
932,0,0,25,3,28973,1,1
740,1,1,70,1,62106,0,2
660,1,1,64,1,56398,1,1
349,1,1,41,1,32662,1,1
464,0,1,46,2,42989,1,1
326,0,0,38,2,20490,1,2
187,1,0,26,1,65262,0,1
124,0,0,20,1,62854,1,1
854,0,0,24,2,32353,1,1
609,1,1,56,2,48230,1,0
144,1,0,25,1,81883,1,1
959,1,0,23,2,33448,0,2
198,1,0,25,2,88287,1,0
610,0,0,72,2,42476,0,0
280,0,1,43,3,53817,1,2
294,1,1,49,1,76769,1,1
401,0,1,37,1,39061,1,0
123,1,0,29,2,89580,1,0
184,0,1,26,1,56442,1,0
203,0,1,28,2,81834,1,0
439,0,1,36,3,69819,1,2
247,0,0,23,1,80511,1,1
416,1,1,41,2,78556,1,1
933,0,0,19,2,21277,0,1
766,0,1,20,2,18254,0,1
907,1,1,19,1,15000,0,2
836,0,0,22,2,27892,1,2
888,0,0,21,2,28392,0,1
130,0,0,23,2,84931,0,1
638,1,0,65,3,49235,0,2
403,1,1,45,3,83714,1,0
785,0,0,23,3,25659,1,1
771,1,0,23,3,25348,1,0
736,1,1,67,1,28836,0,1
914,0,0,25,3,29006,1,2
220,0,0,25,2,112177,1,1
642,1,0,73,1,59122,0,1
916,1,0,22,3,20658,0,0
753,0,0,20,3,19767,0,1
807,0,0,22,2,27137,0,1
920,1,0,22,1,21223,0,2
625,0,1,72,1,63732,1,1
875,1,0,21,1,35482,1,0
761,0,1,20,2,38119,0,2
387,1,1,46,2,86034,1,1
973,0,1,23,3,30247,1,2
510,0,1,60,2,59775,1,2
268,1,1,37,2,41921,1,0
820,0,0,24,2,17102,1,0
442,1,0,44,1,83469,1,0
497,1,1,39,1,101230,1,1
113,0,0,25,2,93051,1,1
692,1,1,70,1,40250,0,0
233,0,0,25,3,78675,1,0
870,1,0,26,3,21713,1,0
608,1,1,58,3,61246,1,2
672,1,1,54,2,41331,1,1
374,1,1,49,2,27728,0,1
982,0,0,22,2,15000,0,0
843,0,0,19,3,20610,0,1
234,1,0,23,2,118695,1,0
786,0,0,24,3,15000,1,2
677,0,1,59,2,57171,0,2
318,1,1,43,2,53895,1,2
649,1,1,63,1,56873,0,0
411,0,1,48,3,86563,1,1
899,1,0,24,3,29487,1,1
710,0,1,73,3,35254,1,1
359,1,1,46,1,30421,1,2
259,1,1,47,2,45899,1,2
745,0,1,67,2,35726,0,0
628,0,0,64,1,57810,1,0
633,0,1,64,1,38564,1,0
283,0,1,52,2,74162,0,0
377,0,0,49,1,46618,1,1
385,0,1,41,2,74841,1,1
225,1,0,23,3,77220,1,0
954,1,0,24,2,19769,1,1
815,1,0,24,2,22851,1,1
473,0,1,37,1,57319,1,2
348,1,0,37,1,78686,1,2
506,0,1,62,1,40467,1,1
640,0,1,58,2,34324,1,2
988,0,0,23,2,29129,1,2
929,1,0,25,1,33807,1,0
906,0,1,22,3,28581,1,2
620,0,1,66,1,56484,1,2
856,0,0,20,2,19635,0,1
804,0,0,21,1,15000,0,0
646,0,0,63,2,49283,1,1
847,1,1,22,1,35125,0,1
557,0,1,62,2,54135,1,2
958,1,0,22,3,50101,0,1
578,1,0,68,1,56647,0,1
796,0,1,24,1,18984,1,0
86,0,0,23,1,86450,0,0
243,1,0,26,1,71274,1,1
699,1,1,69,3,50139,1,1
160,0,0,26,1,75127,1,2
525,0,1,61,2,41277,1,0
36,0,1,21,2,103609,0,1
541,1,0,69,2,44724,0,0
171,1,0,22,1,91383,0,2
655,0,1,77,2,48384,1,0
891,1,1,23,3,29370,1,2
858,1,0,22,1,22999,0,1
848,1,1,26,1,18070,1,1
945,1,0,25,3,29972,1,2
734,0,0,56,3,41968,1,1
96,1,0,20,2,78789,0,1
564,0,1,63,2,53840,1,1
241,1,0,22,3,74313,1,2
743,0,1,61,3,45700,1,0
575,0,0,69,2,49664,0,1
691,1,0,63,1,50866,1,0
461,1,0,54,2,57230,1,0
554,1,1,66,2,36731,1,2
889,0,0,23,2,21209,1,2
207,1,0,26,3,69470,1,0
393,0,0,38,3,100267,1,1
795,1,1,19,2,26705,0,1
398,0,1,51,3,40567,1,1
767,0,1,21,1,42367,0,1
849,1,0,20,1,32755,0,1
218,1,0,24,2,84184,1,0
5,1,0,24,1,90473,1,0
769,0,0,20,1,25985,1,2
643,0,0,63,1,44203,1,1
930,1,0,21,2,40666,1,2
613,0,1,66,1,53831,0,2
739,0,0,73,1,54503,0,2
547,0,1,67,2,35016,1,1
726,1,1,64,2,55859,0,0
684,1,1,67,1,48243,1,1
99,1,0,25,2,93744,1,0
805,1,0,21,1,15000,1,2
728,1,1,66,1,53080,0,2
574,0,1,63,3,31434,1,2
407,1,1,39,1,31563,1,1
503,0,0,58,1,36818,1,2
48,1,0,28,3,56354,1,2
33,0,0,24,2,85988,1,1
780,1,1,23,1,19460,1,2
840,1,0,21,3,23335,0,2
201,1,0,26,3,81878,1,1
135,0,0,22,3,76337,0,2
28,1,0,26,2,81800,1,1
881,1,0,27,1,32718,1,0
231,0,0,22,3,71637,0,1
490,1,0,49,1,85251,1,2
773,1,0,23,2,20018,1,0
379,1,0,55,1,47887,1,2
289,1,0,46,3,37932,1,0
419,1,1,50,2,90569,1,1
675,0,0,57,3,61153,1,1
392,0,1,47,1,46445,1,1
593,0,1,67,1,49365,1,1
499,0,1,40,1,80481,1,2
139,0,1,27,1,88961,1,2
63,1,0,21,1,97231,0,0
472,1,1,33,1,47804,1,2
648,1,1,64,1,54857,0,0
129,0,0,25,3,79037,1,2
977,0,1,21,3,33992,0,0
521,0,0,56,3,57210,0,2
839,0,1,23,2,24734,1,1
963,0,0,22,3,29168,0,1
65,0,0,27,3,74563,1,1
813,1,0,24,3,37897,1,0
15,0,0,19,2,106039,0,0
157,1,0,30,3,69677,1,0
41,0,0,27,1,105258,1,0
493,0,0,45,2,48715,1,0
380,1,1,40,2,96520,1,1
188,1,0,24,3,76630,0,0
764,1,1,21,3,15000,0,0
217,0,0,22,2,69897,0,2
792,1,0,22,3,25920,1,0
53,1,0,22,1,87410,1,1
879,1,0,21,2,15000,0,0
338,1,0,43,3,53950,1,0
749,1,1,61,1,46895,0,1
720,1,1,64,2,40645,1,1
725,1,1,65,1,35645,1,1
296,1,1,41,1,58022,1,0
702,1,0,70,2,49891,0,2
252,0,1,49,2,76670,1,1
727,1,0,65,3,39640,1,2
462,0,1,45,2,35514,1,1
456,1,1,41,1,24784,1,1
997,1,0,25,2,24787,1,2
816,0,0,19,1,17870,0,2
863,0,0,25,1,31347,1,1
270,0,0,45,2,84721,1,0
202,1,1,26,2,73558,1,2
162,0,1,27,2,114364,0,2
556,0,1,62,2,48673,1,0
730,0,1,61,3,63381,1,0
402,1,1,42,1,70733,1,1
703,1,1,61,1,51347,1,1
477,0,1,47,2,57581,1,2
822,1,0,24,3,25614,1,0
772,1,0,20,1,38560,0,1
106,0,0,26,1,64401,1,2
566,0,1,62,1,42186,1,0
390,1,1,42,1,44931,1,2
2,0,0,24,1,93869,1,2
938,1,0,23,2,28741,1,1
983,0,0,20,2,19986,0,2
562,1,1,75,1,37527,0,1
81,0,0,24,1,74770,0,2
206,0,0,22,1,80608,0,2
35,1,0,27,2,72752,1,0
776,1,0,18,2,15000,0,2
509,1,0,65,3,45884,1,2
428,0,0,48,1,37935,1,2
455,0,0,42,2,71310,1,0
367,0,0,46,1,59453,1,1
92,1,0,27,3,79441,1,1
340,0,1,42,3,63408,0,2
898,1,1,22,1,37789,0,1
565,1,1,71,3,52368,0,2
346,1,1,46,3,30302,0,2
777,1,1,20,3,20105,1,2
242,1,1,24,3,76946,1,2
14,1,1,19,1,69662,0,1
316,1,1,45,2,33763,1,2
601,1,0,68,2,43171,1,2
388,0,1,54,2,91230,1,1
274,0,1,45,1,53671,1,1
167,0,1,27,1,100764,1,1
841,0,0,21,1,23971,0,1
993,0,0,21,2,34511,0,1
647,0,0,51,3,43128,1,2
819,0,0,22,1,23310,0,2
485,1,1,41,2,64493,1,2
981,1,0,23,1,17226,1,1
505,0,0,61,2,43298,1,1
832,1,0,20,2,26865,0,1
244,1,0,27,2,64778,1,1
567,0,0,54,1,45669,1,1
876,0,0,25,3,36165,1,0
563,1,1,69,2,20757,1,1
687,0,1,63,1,40353,1,0
190,1,0,20,3,65474,0,1
783,1,0,22,2,15000,0,2
700,0,1,64,2,46795,0,1
476,0,0,43,1,72965,1,0
682,0,1,59,2,44758,1,1
511,0,0,66,2,33583,0,1
59,0,1,25,3,88154,1,1
475,1,0,53,1,44302,1,2
561,1,0,66,1,44786,0,1
857,1,1,20,1,36139,0,0
748,0,1,61,1,50010,1,0
253,1,1,55,3,20125,1,2
22,1,1,24,1,71394,1,0
314,0,1,49,2,71156,1,2
460,0,1,39,1,73463,1,2
161,0,0,22,3,42508,0,2
277,0,1,45,1,106386,0,2
956,0,0,24,3,35995,1,1
192,0,0,27,2,59989,1,2
386,1,1,45,3,65985,1,0
806,1,1,21,3,15000,0,0
414,0,1,51,2,103300,1,1
492,1,1,52,1,111163,1,1
344,1,1,42,2,83812,1,2
770,0,0,25,3,29411,1,2
309,0,1,47,2,81717,0,1
662,1,1,62,2,43819,1,0
131,0,1,20,1,84820,0,2
664,1,1,62,1,38921,1,2
872,0,0,20,1,23280,0,1
100,1,0,24,3,85197,1,0
373,0,0,52,1,32561,1,1
88,1,0,25,1,83581,1,1
459,1,1,42,2,85795,1,0
331,1,1,44,2,90615,1,2
215,1,0,24,1,75575,1,1
467,1,1,48,1,93398,1,2
122,0,0,22,2,97805,0,1
615,0,1,77,2,43195,0,2
21,1,0,29,3,87842,1,0
701,1,1,62,3,48506,1,1
72,0,0,29,2,87155,1,0
107,1,1,30,2,89191,0,2
271,0,0,52,1,81826,1,1
861,0,0,22,1,23925,0,2
436,1,1,45,2,65651,1,2
103,0,0,23,2,111325,0,1
